update_id,stock_id,price_change
0,0,96.58338626953763
1,0,94.01176599585816
2,0,87.77627508839957
3,0,72.54030309778172
4,0,63.420068270488954
5,0,62.690467936939996
6,0,42.8353397136766
7,0,23.871827634583088
8,0,15.267704106242409
9,0,22.847479757351643
10,0,38.69759675669931
11,0,54.46465521266033
12,0,37.93790781394131
13,0,57.60977096778086
14,0,46.28726343558556
15,0,37.31320755175952
16,0,44.144898308984196
17,0,29.171076942604795
18,0,16.246615683279092
19,0,35.26164490327305
20,0,25.166287571460384
21,0,29.651974380030747
22,0,29.165574154890653
23,0,18.53105887699322
24,0,10.874676648531047
29,0,11.638750505285142
30,0,12.701261586647853
34,0,24.284445529300932
35,0,23.303956626002694
36,0,18.158821404330006
37,0,18.929698349425912
38,0,23.71176622028164
39,0,40.77584662132739
40,0,23.37973503075509
41,0,17.98088927179647
45,0,27.49796482258875
46,0,34.2878923355994
47,0,17.423292570976987
48,0,15.157532731427576
0,1,1244.9691999396027
1,1,1227.2478009247259
2,1,1226.0504479462702
3,1,1230.950118387498
4,1,1235.0007325723761
5,1,1223.6741472037988
6,1,1232.676826137273
7,1,1226.5580864848325
8,1,1245.8513738615798
9,1,1240.4070533553613
10,1,1253.2356495755523
11,1,1246.2780145111246
12,1,1239.8873512919574
13,1,1241.350405710268
14,1,1242.5552874229743
15,1,1254.5619459009404
16,1,1268.8911975912317
17,1,1255.0879118628247
18,1,1237.75407672136
19,1,1240.347180145236
20,1,1239.6664351323634
21,1,1248.9725629161294
22,1,1244.6943624692406
23,1,1229.8648621510329
24,1,1221.1932017387028
25,1,1231.3408664147391
26,1,1231.334392975684
27,1,1241.9135306024577
28,1,1259.217592448415
29,1,1269.0960356843211
30,1,1277.4369024785929
31,1,1279.978874340006
32,1,1262.5212183548902
33,1,1267.9514676958825
34,1,1282.7241286273213
35,1,1295.4617868874004
36,1,1288.729938823324
37,1,1308.3959258925381
38,1,1301.498976704865
39,1,1296.0111302504156
40,1,1295.6862829220058
41,1,1300.006067625477
42,1,1299.4464734014107
43,1,1279.9106946828033
44,1,1280.0865026555846
45,1,1287.4813325848977
46,1,1301.1225185687504
47,1,1301.9787934937708
48,1,1309.9627801964066
49,1,1314.9142767379983
0,2,386.8963051960548
1,2,382.7372142631917
2,2,401.5628251688531
3,2,386.78903907567974
4,2,395.04690968492605
5,2,412.63327563598955
6,2,429.29714044060904
7,2,442.46494344867364
8,2,438.75033847074207
9,2,435.7833023952139
10,2,421.1711121710829
11,2,429.5407611793209
12,2,439.5624633247558
13,2,427.7564707527813
14,2,428.71716842068867
15,2,430.6070016500214
16,2,433.92154239116405
17,2,434.48777976079344
18,2,440.3552037318604
19,2,440.7944430874352
20,2,442.3450462798077
21,2,444.86970457735015
22,2,442.94205871711085
23,2,436.70793127469426
24,2,427.982262254894
25,2,444.3529481295161
26,2,450.75062107525906
27,2,437.5939530781457
28,2,435.00966800062673
29,2,445.9684496156646
30,2,435.74855540836995
31,2,416.2299430262551
32,2,426.56893789930166
33,2,445.1274963083885
34,2,434.6212208168382
35,2,418.54166757404107
36,2,430.0236697411888
37,2,419.7447153711177
38,2,431.238375324809
39,2,419.6974328640837
40,2,410.10278728322584
41,2,417.065126966126
42,2,415.6482556474482
43,2,413.54328799790716
44,2,409.85512608794244
45,2,399.19040029917386
46,2,413.84384268754474
47,2,418.0392900978563
48,2,411.39853390660323
49,2,397.2441578217748
0,3,455.74573147594083
1,3,472.79956893376425
2,3,471.4415954437999
3,3,482.31723951819697
4,3,484.872700313736
5,3,490.2680440346934
6,3,498.56265394563206
7,3,507.0559198149797
8,3,505.1809124066508
9,3,520.4373464241637
10,3,540.3119717073469
11,3,520.766336780872
12,3,539.3169188795268
13,3,546.0790848818419
14,3,532.6549381063984
15,3,530.3124756814143
16,3,538.440107383516
17,3,525.9463708279881
18,3,509.62563458748417
19,3,493.4852789208737
20,3,493.09537810289186
21,3,495.4840513152208
22,3,480.1572128904578
23,3,499.32015290860835
24,3,499.4896617226515
25,3,480.1299402148215
26,3,482.19194595773877
27,3,485.06483094628027
28,3,467.3095217852796
29,3,477.8727862970237
30,3,465.5388365339138
31,3,458.78732329637796
32,3,449.9780106562708
33,3,441.7322163618804
34,3,449.1400957274675
35,3,439.31730678404386
36,3,454.8041784732265
37,3,446.661977720285
38,3,464.877891756765
39,3,478.62842358764726
40,3,464.0663033732743
41,3,474.46488646050994
42,3,477.907592217672
43,3,458.4352293978941
44,3,443.38025250400904
45,3,436.0948060030731
46,3,434.69445600427105
47,3,434.2333300366402
48,3,444.4084172586377
49,3,448.63231501459467
0,4,313.4573514393547
1,4,314.0863162017627
2,4,318.39316516209703
3,4,299.9578776355271
4,4,313.39814411791804
5,4,322.4031155980974
6,4,332.4132136035964
7,4,331.0887070568566
8,4,339.7132746009179
9,4,319.7651399200525
10,4,327.63601381866926
11,4,309.7721435521078
12,4,320.5003603452282
13,4,302.49690565878353
14,4,317.5357954738262
15,4,336.0004718837256
16,4,320.38489825346795
17,4,307.80887592312996
18,4,326.7622601356733
19,4,314.8175035939561
20,4,329.72321968544867
21,4,332.6981623530608
22,4,344.3350181011288
23,4,350.9125803850757
24,4,336.7412138499319
25,4,346.3435670101579
26,4,346.6453295037908
27,4,335.93941293154404
28,4,332.1109263651872
29,4,326.0063080774717
30,4,322.2118772404666
31,4,311.67951698490833
32,4,315.82135858410817
33,4,331.25074680108526
34,4,344.9048034330584
35,4,353.48805527356603
36,4,357.7893167632319
37,4,373.6844748113852
38,4,388.426382442711
39,4,375.1525246704265
40,4,371.44886441014376
41,4,362.2388105851652
42,4,342.91657716736677
43,4,338.1868887172467
44,4,354.69662528243117
45,4,335.44687756164757
46,4,332.66881153877466
47,4,333.86140061232874
48,4,347.19473867037595
49,4,328.6494241633928
0,5,2701.701735193712
1,5,2712.5887247883857
2,5,2732.1129245572433
3,5,2730.838664385321
4,5,2741.340397130904
5,5,2757.420247718458
6,5,2761.7255401396824
7,5,2755.8846604942
8,5,2764.935204277945
9,5,2763.7868833300936
10,5,2762.8161938559447
11,5,2761.1177011194154
12,5,2746.6537738965512
13,5,2740.4855420725794
14,5,2755.15218555497
15,5,2768.7248822216347
16,5,2769.217926997028
17,5,2772.531288417679
18,5,2788.661158129179
19,5,2794.477089482241
20,5,2785.230141584833
21,5,2804.2402846587756
22,5,2799.8846231755683
23,5,2797.3069387104006
24,5,2802.103564578084
25,5,2811.273801875632
26,5,2818.7853525720593
27,5,2838.393175337242
28,5,2857.928775999928
29,5,2838.1290930563973
30,5,2840.7605397202824
31,5,2830.313326716627
32,5,2817.1031894666094
33,5,2803.4995319574523
34,5,2791.4092131689154
35,5,2807.971446885659
36,5,2806.8023172402436
37,5,2799.7424981849613
38,5,2791.996559752157
39,5,2798.979102346312
40,5,2806.7272450449077
41,5,2813.3079106111118
42,5,2805.7899223350073
43,5,2790.970554474035
44,5,2797.792979608978
45,5,2813.3048288895798
46,5,2814.688836417041
47,5,2817.463201855709
48,5,2801.1521631701708
49,5,2783.2310313423136
0,6,4384.383159755883
1,6,4369.298895819683
2,6,4352.288020047259
3,6,4340.0136484489685
4,6,4325.854558417748
5,6,4331.012679554967
6,6,4319.574503281164
7,6,4324.496878828268
8,6,4336.028327167747
9,6,4317.548650466042
10,6,4334.216077068352
11,6,4326.576772947051
12,6,4344.296189528178
13,6,4357.484669824787
14,6,4353.485586017798
15,6,4360.11555260408
16,6,4352.400262650589
17,6,4365.179091812204
18,6,4375.82483690016
19,6,4388.556045139041
20,6,4389.675492289363
21,6,4381.9889599215185
22,6,4374.51647460245
23,6,4366.09682668157
24,6,4356.39545022594
25,6,4354.467467413698
26,6,4349.258614994985
27,6,4364.890983690105
28,6,4358.115913335344
29,6,4362.27436531381
30,6,4363.147175643716
31,6,4378.782289114664
32,6,4394.103908679021
33,6,4380.415433990473
34,6,4393.0486688237315
35,6,4395.496342911384
36,6,4415.376948257243
37,6,4413.898784558167
38,6,4432.449101678252
39,6,4427.083609367132
40,6,4430.93150488252
41,6,4430.377308179691
42,6,4433.285218626085
43,6,4419.646524863271
44,6,4407.039722834512
45,6,4397.005805991811
46,6,4387.751113890417
47,6,4376.261161415403
48,6,4388.829721919316
49,6,4376.262064662113
0,7,2306.160993523357
1,7,2302.6556216667873
2,7,2284.0359774697054
3,7,2278.627643170141
4,7,2281.0957338632984
5,7,2269.506596497963
6,7,2270.044027482812
7,7,2272.801990100388
8,7,2266.047971400905
9,7,2281.4087572143167
10,7,2297.5310015809696
11,7,2306.0925759055363
12,7,2325.592324834188
13,7,2337.5134413545275
14,7,2357.1024460291496
15,7,2373.4654435019866
16,7,2390.7106052878253
17,7,2401.917577780761
18,7,2382.2945569703966
19,7,2389.938745324867
20,7,2371.4573920808393
21,7,2375.1854026936744
22,7,2359.0287933572536
23,7,2355.9949826870507
24,7,2336.124602833777
25,7,2348.4094346009324
26,7,2365.875196490697
27,7,2382.6295762449913
28,7,2400.402068175093
29,7,2390.802402725991
30,7,2398.2636728129023
31,7,2389.680944475931
32,7,2401.462932693139
33,7,2401.0255382859573
34,7,2419.4484726424216
35,7,2401.5642908624473
36,7,2415.3337482182033
37,7,2405.0842343847753
38,7,2420.907346378424
39,7,2426.7140195094617
40,7,2412.4924010469495
41,7,2405.3723400510526
42,7,2392.7828497790424
43,7,2391.6529623999754
44,7,2409.624179004714
45,7,2425.8921948304665
46,7,2407.8522643288643
47,7,2413.8429306419807
48,7,2414.908268412195
49,7,2398.8546110045663
0,8,764.1526450870869
1,8,758.548555219626
2,8,774.593160071155
3,8,769.3488579955894
4,8,779.6874850735855
5,8,772.1240314319208
6,8,778.2636742734634
7,8,758.924066686003
8,8,777.2840289233848
9,8,791.4549088722817
10,8,795.2420319070038
11,8,806.2461388905007
12,8,786.6114518594824
13,8,784.4910265524444
14,8,776.2185729414922
15,8,773.4570335902139
16,8,785.5669127298142
17,8,772.5816932086648
18,8,786.663825019876
19,8,793.8250993982592
20,8,777.4436207821161
21,8,770.6402100412961
22,8,777.0307648571682
23,8,781.2472520847201
24,8,796.3947410089254
25,8,812.1200284020179
26,8,818.5722395219454
27,8,823.6057704826527
28,8,815.0197678809859
29,8,797.1479351912222
30,8,817.0488173375933
31,8,836.0475866888286
32,8,828.2125015392093
33,8,840.85116448828
34,8,836.05528295356
35,8,820.7704220465438
36,8,827.0777107535156
37,8,826.2567379805096
38,8,832.1571441929015
39,8,844.9866118279657
40,8,848.2494366349024
41,8,856.6463648941565
42,8,873.7248018853999
43,8,867.9472527450722
44,8,877.8374738950539
45,8,885.7217223350239
46,8,893.3658505798142
47,8,881.1029406354542
48,8,889.549198910594
49,8,909.4570008162424
0,9,4028.8858165818933
1,9,4022.187675475236
2,9,4030.9491724154777
3,9,4035.6217305059404
4,9,4017.333134151274
5,9,4006.6229388470433
6,9,4004.0362258125215
7,9,3996.2598051281457
8,9,3997.213984765058
9,9,3986.071678783002
10,9,3985.1314958442713
11,9,3996.7056738184924
12,9,4013.841540404173
13,9,4007.190575803196
14,9,4000.5445313977484
15,9,4012.9610566688784
16,9,4007.6242064460776
17,9,3998.885098852601
18,9,3989.2314635402504
19,9,3997.3300248033866
20,9,3984.4336893650893
21,9,3970.1483685281673
22,9,3977.7651920670955
23,9,3972.836233274887
24,9,3955.1365132904943
25,9,3973.237112835439
26,9,3985.2275129404848
27,9,3987.8640982289953
28,9,3983.1470713809367
29,9,3976.3975278352227
30,9,3981.379911184389
31,9,3974.826224686823
32,9,3986.5081037115037
33,9,3978.134633821732
34,9,3983.9669182773537
35,9,3979.8731102166075
36,9,3981.232676991582
37,9,3975.351289705144
38,9,3959.8200142147643
39,9,3942.3956016859797
40,9,3949.2248726933117
41,9,3942.195366386815
42,9,3947.8675840089945
43,9,3930.8876215699124
44,9,3942.064856177866
45,9,3941.0556944693303
46,9,3949.365935356999
47,9,3947.880874427586
48,9,3947.123581307142
49,9,3931.0450170039658
0,10,455.1861550294435
1,10,446.4834920347903
2,10,442.8529225173866
3,10,426.43756456978
4,10,427.5560105931542
5,10,446.74980458244704
6,10,450.2209989381872
7,10,456.7586302572763
8,10,455.99992610548895
9,10,474.18148831566316
10,10,463.8729602580032
11,10,464.12009116608186
12,10,479.48561914479603
13,10,472.2103255669419
14,10,484.80395826443
15,10,466.45240435779937
16,10,460.9125993410013
17,10,467.406001466648
18,10,460.521664678521
19,10,463.0891998548526
20,10,458.8747726449371
21,10,460.61194928097694
22,10,475.24214748534916
23,10,482.85022490378344
24,10,493.8566057424987
25,10,494.21949579051505
26,10,479.8667295705638
27,10,461.9628716240857
28,10,473.6028034933671
29,10,478.4269095785464
30,10,467.1424706772066
31,10,452.96467163522516
32,10,467.3810704457579
33,10,482.08087159529634
34,10,477.420164343322
35,10,475.7833481031752
36,10,473.2694049522191
37,10,484.1713538705034
38,10,485.06827053990463
39,10,482.7272754243382
40,10,497.2539544754419
41,10,479.7710189281512
42,10,493.36191774844053
43,10,491.76153779728
44,10,484.8447990836856
45,10,486.27240142658076
46,10,486.5414491757469
47,10,505.55632221027014
48,10,518.4764011025804
49,10,535.5966667892559
0,11,518.413971521527
1,11,508.7150255674751
2,11,505.4979310913474
3,11,487.23689408057726
4,11,494.1583243280443
5,11,474.86220727901514
6,11,468.8177614852907
7,11,462.7631872366472
8,11,445.1563580706677
9,11,444.0029030541428
10,11,427.49498400853463
11,11,446.2774960458705
12,11,438.00104351081205
13,11,437.1308806983769
14,11,437.18966554314716
15,11,451.76432094105996
16,11,460.26199668789855
17,11,445.38181792651625
18,11,442.98260627149034
19,11,451.56968669762944
20,11,464.29909539265793
21,11,483.70498712711475
22,11,490.6145551521641
23,11,510.2127697775086
24,11,520.917616750661
25,11,533.813227336048
26,11,539.639360903829
27,11,526.553242183493
28,11,520.2636274768536
29,11,503.6063357402763
30,11,495.5391840700831
31,11,481.8816278816245
32,11,495.7197566471868
33,11,499.86502261660627
34,11,499.3531148015332
35,11,483.0051427369728
36,11,472.34939339781204
37,11,477.9274450734516
38,11,476.2416902184722
39,11,463.4546738512148
40,11,468.7673364895206
41,11,476.55513518045376
42,11,473.4464458745015
43,11,468.2815078027889
44,11,483.9180299569065
45,11,491.3767213332288
46,11,487.73461725855213
47,11,483.98404087743563
48,11,478.22517349444655
49,11,471.7605257748044
0,12,1035.8888724500878
1,12,1027.6846106454345
2,12,1010.7228801995209
3,12,1013.7350861037454
4,12,1020.28451968025
5,12,1034.3941359038492
6,12,1042.5499427808088
7,12,1044.3549113262443
8,12,1058.1999218580713
9,12,1070.7097647319129
10,12,1050.8633313271441
11,12,1062.5576117768835
12,12,1043.9372140899502
13,12,1061.282248676449
14,12,1073.194519137905
15,12,1082.6310249782362
16,12,1097.9717854656535
17,12,1095.8592943652573
18,12,1088.2493052674517
19,12,1096.4763163156922
20,12,1101.8440545055878
21,12,1088.482102892296
22,12,1102.2581467706968
23,12,1091.6199588151094
24,12,1089.8653897217462
25,12,1095.0488587720683
26,12,1100.1724433899658
27,12,1108.0172501282273
28,12,1117.9940000792437
29,12,1132.1611888968664
30,12,1135.9127968388345
31,12,1153.3085258512506
32,12,1170.2427627847019
33,12,1188.4629890240865
34,12,1195.414407870871
35,12,1187.0913738644808
36,12,1202.7435837123692
37,12,1187.9573990473675
38,12,1187.6678325202024
39,12,1185.921449183712
40,12,1177.580981920433
41,12,1183.5896806469948
42,12,1174.6414482438674
43,12,1176.8976986937748
44,12,1176.539174952929
45,12,1182.0017763717287
46,12,1166.3532183991867
47,12,1163.8075864552754
48,12,1161.7705682741077
49,12,1147.1181973074745
0,13,391.6270395756452
1,13,406.68836988291474
2,13,403.8442795358249
3,13,384.75107403219806
4,13,384.3747613161102
5,13,374.2775748699794
6,13,357.47335252297717
7,13,355.05529317484286
8,13,349.6883070733673
9,13,355.7942691038884
10,13,346.37132325102425
11,13,353.41911619740813
12,13,343.89937651262596
13,13,337.8220584093262
14,13,348.7694858160638
15,13,358.6222066957279
16,13,373.6963672183532
17,13,382.6691322202467
18,13,364.16553595609116
19,13,369.82061862561784
20,13,379.64098914108405
21,13,391.8865431835941
22,13,409.8022588388427
23,13,414.7117234058398
24,13,431.24178139795595
25,13,416.6050445545557
26,13,409.58690404005455
27,13,413.7995300147777
28,13,408.5754922285802
29,13,406.89373618994614
30,13,409.6825894184265
31,13,414.7203895063391
32,13,400.3353904865781
33,13,395.3762851883203
34,13,414.3010209249457
35,13,433.8737074463313
36,13,423.27347235671647
37,13,423.53774596896164
38,13,433.75064844960616
39,13,415.1439521360153
40,13,411.5013450542111
41,13,409.55397215168796
42,13,394.39595987627933
43,13,389.5934432979653
44,13,405.43834189524745
45,13,413.2241354734638
46,13,420.39277108414996
47,13,420.0608744625626
48,13,407.78347023544563
49,13,397.56966720822953
0,14,481.3093631607709
1,14,468.3843815008498
2,14,470.7425425569883
3,14,483.7159285555796
4,14,471.208255728226
5,14,490.5825091070498
6,14,509.77877999356696
7,14,500.2728206422421
8,14,498.77486275511535
9,14,498.9271923395085
10,14,500.30056394256513
11,14,487.411112112426
12,14,496.318038605511
13,14,488.4405744334032
14,14,495.1602626066751
15,14,494.0136909191262
16,14,498.2237557520237
17,14,490.10460180532584
18,14,488.38232708868344
19,14,497.3281897420389
20,14,486.99302599237143
21,14,484.456731477575
22,14,483.70955501057045
23,14,493.1617737531725
24,14,482.31391743902867
25,14,469.93408138027945
26,14,480.2889128826377
27,14,472.99687634161785
28,14,468.4497082972861
29,14,472.32444924701855
30,14,460.98683777645374
31,14,464.50771556136175
32,14,465.6506339604536
33,14,484.9748753440547
34,14,495.2712938738913
35,14,477.16271672963114
36,14,489.5365408180688
37,14,498.96637684003116
38,14,492.379351345278
39,14,477.9034041363512
40,14,465.15902153710243
41,14,458.9327202389245
42,14,465.7230645770639
43,14,453.6236744865647
44,14,467.23673578628615
45,14,468.7064684797101
46,14,487.3572035513317
47,14,468.411645990602
48,14,451.8284753488791
49,14,453.32795412574404
0,15,3326.445412442988
1,15,3321.2943510562504
2,15,3321.1090011978818
3,15,3328.531808657958
4,15,3312.607076084649
5,15,3319.2513888463945
6,15,3300.4424064024156
7,15,3285.4254361813423
8,15,3274.5838056654266
9,15,3271.641648590099
10,15,3274.647380874125
11,15,3264.586412426457
12,15,3247.2873229951288
13,15,3258.0202824397197
14,15,3268.4371753015107
15,15,3275.7981286537624
16,15,3282.038882275447
17,15,3297.1334141969814
18,15,3286.801985326628
19,15,3275.1122359914643
20,15,3266.9086947551514
21,15,3269.9247697802666
22,15,3259.7882209241025
23,15,3265.3095867276634
24,15,3277.844715995215
25,15,3278.3925057418865
26,15,3276.3640282751594
27,15,3282.4705043463964
28,15,3274.986458614019
29,15,3276.4892140306674
30,15,3256.997251555401
31,15,3272.850223177146
32,15,3276.246838989807
33,15,3294.080277052377
34,15,3280.2538782311462
35,15,3281.68209744859
36,15,3298.2758925288645
37,15,3316.9425298595565
38,15,3301.474021847534
39,15,3319.908753430678
40,15,3330.8594202956806
41,15,3339.5083433578084
42,15,3354.2826529504578
43,15,3368.487836445421
44,15,3368.3279579513865
45,15,3374.3578423401714
46,15,3359.887486967392
47,15,3375.1884826611513
48,15,3375.330475074471
49,15,3368.934349937208
0,16,3792.2210677553007
1,16,3778.7014966544198
2,16,3797.6791043023545
3,16,3807.1253325892653
4,16,3813.2722645107187
5,16,3824.3870566343635
6,16,3817.694647532829
7,16,3804.0620065444377
8,16,3802.778888809068
9,16,3808.965517446309
10,16,3807.9742319349693
11,16,3803.4819486052643
12,16,3817.1876345447363
13,16,3809.006130162828
14,16,3820.8165124361335
15,16,3823.5732046616977
16,16,3833.1719344960748
17,16,3847.9334365521886
18,16,3833.1258286258226
19,16,3840.0706689726176
20,16,3848.6723705744403
21,16,3861.3648307084272
22,16,3865.1844589748043
23,16,3851.7861008564337
24,16,3849.7368697445118
25,16,3838.604721337426
26,16,3831.935998296596
27,16,3843.1023854706236
28,16,3861.3204117713153
29,16,3871.255051995457
30,16,3867.6786295904876
31,16,3850.635139519046
32,16,3866.1386733877625
33,16,3875.3941087833928
34,16,3886.912237199563
35,16,3867.0387039988022
36,16,3875.439052959446
37,16,3883.14986421697
38,16,3891.559952446922
39,16,3880.862949086897
40,16,3869.7928430766656
41,16,3880.3075073804466
42,16,3872.354327976433
43,16,3890.7690036470485
44,16,3877.2303263036656
45,16,3881.791152995905
46,16,3891.134748973359
47,16,3902.188067580437
48,16,3895.470495583522
49,16,3909.9541663274135
0,17,2200.7813069260515
1,17,2210.6246171738367
2,17,2195.3154326844815
3,17,2204.7510806724963
4,17,2217.607783574798
5,17,2217.208379882665
6,17,2204.9932716701105
7,17,2207.521874744366
8,17,2217.9724563803848
9,17,2237.9467046648538
10,17,2251.674327292759
11,17,2266.3505574753012
12,17,2250.230493867205
13,17,2238.4433396302743
14,17,2247.1596919343997
15,17,2261.824439227447
16,17,2263.4489127337806
17,17,2255.1849348513006
18,17,2265.7689827463437
19,17,2258.6716432132575
20,17,2252.047447839798
21,17,2248.1254695208663
22,17,2234.6923223518315
23,17,2232.720033624938
24,17,2222.3119530012577
25,17,2217.549688659636
26,17,2215.948440663508
27,17,2231.552198979548
28,17,2231.3193126903616
29,17,2232.353993629613
30,17,2227.3216046744387
31,17,2213.7883071502574
32,17,2194.5892514979632
33,17,2184.858169301854
34,17,2191.7763119825604
35,17,2192.078493134352
36,17,2181.100387288525
37,17,2184.817364117503
38,17,2196.623034088346
39,17,2213.533893059851
40,17,2223.6510499145356
41,17,2237.0325266500226
42,17,2241.5078245268496
43,17,2242.9171800045024
44,17,2248.5742306071133
45,17,2237.7685481844574
46,17,2255.3757966072926
47,17,2245.267743600567
48,17,2232.145981039783
49,17,2220.1837118906533
0,18,332.84063666011895
1,18,344.49649297126535
2,18,363.1393084982931
3,18,359.0007578350647
4,18,365.7942766169766
5,18,377.2111224641062
6,18,367.57090980582126
7,18,369.29250889656
8,18,366.7241425317418
9,18,361.8746202461024
10,18,348.15586077021226
11,18,341.4361344506269
12,18,353.8748755716165
13,18,360.0178491672284
14,18,361.91579729970726
15,18,380.2399366030146
16,18,368.6591960343703
17,18,357.61939916995016
18,18,352.60574356263703
19,18,367.94569205535623
20,18,384.38838864023825
21,18,393.18502341532917
22,18,395.8540284905882
23,18,388.56459398108365
24,18,398.36456952657454
25,18,408.85579961074677
26,18,415.19444843963515
27,18,412.63004937402945
28,18,409.1577201397127
29,18,403.97910842591597
30,18,392.08347434381545
31,18,411.73647214906316
32,18,423.11166949986875
33,18,427.5520768917753
34,18,421.3635806216955
35,18,409.72520224910335
36,18,423.66244852744137
37,18,442.5045619036204
38,18,429.41521074250375
39,18,430.57355526492745
40,18,412.41991643653483
41,18,430.62425402998724
42,18,422.85335068774685
43,18,430.2614630829345
44,18,418.2196653671175
45,18,413.07668967568804
46,18,394.62666787578974
47,18,387.9839765414255
48,18,400.1481640505862
49,18,394.4979466890462
0,19,99.80914911676568
1,19,116.86573116088525
2,19,136.37922034423954
3,19,132.02498323959512
4,19,147.8124741808445
5,19,157.90473299696677
6,19,177.59745644507717
7,19,182.8720060104893
8,19,174.3403880516289
9,19,161.76879665590465
10,19,144.4457248842293
11,19,154.9205122281488
12,19,164.4807793611916
13,19,149.1400399473682
14,19,155.67750885355525
15,19,171.0203492186338
16,19,169.85325658204408
17,19,149.89951260139958
18,19,138.02317091454097
19,19,143.66077808857992
20,19,126.03156602817887
21,19,123.32526302436847
22,19,123.06996180628852
23,19,131.17445449649836
24,19,135.69871528665658
25,19,127.36089712819809
26,19,130.8874677995388
27,19,149.7973103036112
28,19,157.32000374677926
29,19,146.43570940880423
30,19,132.62204369256912
31,19,113.01811585748106
32,19,94.70623494334566
33,19,104.07288848809145
34,19,117.24279012899649
35,19,100.46376909373902
36,19,101.22077135315314
37,19,83.6619232519563
38,19,95.37439692070578
39,19,91.6887985586145
40,19,88.4471519266666
41,19,94.5504178087133
42,19,87.94881555433872
43,19,75.41424621092915
44,19,66.13162452702889
45,19,77.85630097386078
46,19,73.6510777558643
47,19,58.005569425852244
48,19,67.36189010021246
49,19,56.22473691953114
0,20,2306.510927567423
1,20,2319.848650097701
2,20,2314.4707169707976
3,20,2302.761799036434
4,20,2283.17431608825
5,20,2296.1516658100045
6,20,2303.2285896069016
7,20,2318.9633159996215
8,20,2316.6220768005583
9,20,2332.897377405802
10,20,2318.8397806980934
11,20,2307.5973941538973
12,20,2289.3405421143366
13,20,2289.6890073838163
14,20,2279.7842222166237
15,20,2297.3158826296626
16,20,2289.3167784013
17,20,2289.870283945122
18,20,2280.1662635709085
19,20,2276.313956083337
20,20,2258.0100106899877
21,20,2268.9126157503656
22,20,2258.988623507453
23,20,2263.6322651253827
24,20,2277.5412415323344
25,20,2257.7716170908875
26,20,2259.613320331744
27,20,2264.4688211139865
28,20,2270.2525480874688
29,20,2285.985227845053
30,20,2300.7942904928204
31,20,2318.5717462386638
32,20,2337.55826593613
33,20,2335.8284222660036
34,20,2332.5564232634615
35,20,2331.560280138762
36,20,2323.625231542123
37,20,2318.4356707619527
38,20,2308.19886948705
39,20,2312.805663887549
40,20,2304.261306382179
41,20,2309.453943754889
42,20,2296.229353523888
43,20,2291.3548442645256
44,20,2306.7052402921963
45,20,2286.928677344903
46,20,2269.571008674249
47,20,2251.7914631032922
48,20,2254.394839886228
49,20,2263.3294498544024
0,21,27.76495383565642
1,21,15.644662593055381
2,21,16.975768216061592
3,21,18.863871534840175
4,21,27.95105212031409
5,21,34.11617860816335
6,21,46.45685901251031
7,21,57.68481783593198
8,21,52.81441623438001
9,21,36.87110255083685
10,21,37.764454183471244
11,21,50.56459764075758
12,21,68.15148671522343
13,21,87.04680405729368
14,21,97.70772859667919
15,21,80.77432844728226
16,21,64.09890048300643
17,21,47.08117723472075
18,21,60.5491246459802
19,21,42.36829159954608
20,21,30.217393181729257
21,21,18.623714435463974
22,21,38.34490799239366
23,21,46.75930143400643
24,21,42.51893575067173
25,21,29.933395667474084
26,21,24.259126746605112
27,21,22.81903636114455
28,21,42.2240539154908
29,21,39.57568964646751
30,21,55.78472387954005
31,21,46.114789761306454
32,21,59.227757142230146
33,21,42.631019948491755
34,21,61.54002144794765
35,21,64.52380812124996
36,21,60.492243286197926
37,21,45.65487696030272
38,21,61.03843737489731
39,21,62.223056357140976
40,21,54.887546736829485
41,21,59.69164858890938
42,21,46.771173968241094
43,21,38.75578243710102
44,21,46.664564699592944
45,21,55.82985318673408
46,21,61.886801113638725
47,21,60.74330000553972
48,21,56.05087303799333
49,21,70.63342710494162
0,22,1097.6559884584592
1,22,1099.1863455965502
2,22,1096.5040342382326
3,22,1090.2910153245373
4,22,1083.1054982906692
5,22,1085.869834297883
6,22,1101.0807940355658
7,22,1088.3095633120784
8,22,1077.7748990600123
9,22,1076.0786960593823
10,22,1065.1765912350731
11,22,1075.9540426277565
12,22,1075.350791009239
13,22,1086.0307052701185
14,22,1098.2059471824832
15,22,1114.839610320548
16,22,1094.9805954238846
17,22,1082.8207706577193
18,22,1095.0313131832859
19,22,1082.2747660351456
20,22,1079.6817765340757
21,22,1080.0727872639789
22,22,1069.6117940362228
23,22,1058.6837959145935
24,22,1076.1761523905939
25,22,1095.9023887947199
26,22,1110.2846123481816
27,22,1110.6742929274342
28,22,1123.383867287967
29,22,1113.5781348399225
30,22,1099.938750636932
31,22,1097.960105032017
32,22,1092.5989597095079
33,22,1100.7828831171864
34,22,1111.5648241268711
35,22,1121.60428594664
36,22,1126.3029345689956
37,22,1107.0770307760256
38,22,1093.9176522076714
39,22,1090.7352547401124
40,22,1090.1120717959138
41,22,1090.4698351318882
42,22,1083.8996462735402
43,22,1094.5914338545836
44,22,1090.9203190850562
45,22,1096.7080466056327
46,22,1111.6562201662925
47,22,1129.989240877934
48,22,1143.5629374323862
49,22,1154.7594577019454
0,23,4837.795240280616
1,23,4835.227238835557
2,23,4823.563190643271
3,23,4834.914191155675
4,23,4848.75033356519
5,23,4851.8963488075515
6,23,4841.5475053963555
7,23,4846.198914956976
8,23,4852.082534500976
9,23,4851.115809645296
10,23,4849.5842414745875
11,23,4831.121740778591
12,23,4835.545506909351
13,23,4822.337401247924
14,23,4806.55286014065
15,23,4821.526086207838
16,23,4828.855909659302
17,23,4818.966554121953
18,23,4806.431545102742
19,23,4796.410191084975
20,23,4791.887476492599
21,23,4783.85923812234
22,23,4775.733368636883
23,23,4763.593594594851
24,23,4769.510260260823
25,23,4765.572954217418
26,23,4748.54610301867
27,23,4765.998043767749
28,23,4778.489442363987
29,23,4764.607718792614
30,23,4776.078378208413
31,23,4793.207004931417
32,23,4795.617935857145
33,23,4808.164825256719
34,23,4827.746715285022
35,23,4846.706992897773
36,23,4860.833601914487
37,23,4879.21437359031
38,23,4897.537369607075
39,23,4880.6760866808945
40,23,4896.105332184538
41,23,4902.109300430596
42,23,4909.379436812014
43,23,4908.8672544306055
44,23,4897.668672964146
45,23,4904.77596104738
46,23,4916.458499869424
47,23,4924.218382719533
48,23,4917.360447979362
49,23,4929.35628862932
0,24,3028.143882368508
1,24,3030.748046705279
2,24,3012.6758897640675
3,24,3021.875320440868
4,24,3022.3790872938216
5,24,3016.473659776521
6,24,3034.4492909125256
7,24,3040.897984528745
8,24,3022.5267737255804
9,24,3019.2106859072474
10,24,3035.2961420241304
11,24,3034.6888948691535
12,24,3037.004179890407
13,24,3052.7053809378335
14,24,3041.3416935062755
15,24,3037.554953131309
16,24,3030.1161041369314
17,24,3012.7309498123204
18,24,2994.833305906298
19,24,3002.7864066073103
20,24,3010.9781713815737
21,24,3008.7174494884
22,24,3001.274394806053
23,24,3000.94451731743
24,24,3004.73958996012
25,24,3001.6147474563186
26,24,2992.2232360199027
27,24,3005.5398040835635
28,24,2996.5342378534156
29,24,3004.1156785545163
30,24,3016.7507219706627
31,24,3015.132245619466
32,24,2999.7189051185346
33,24,3016.3211158096587
34,24,3032.473594397293
35,24,3046.197352194962
36,24,3055.4765808769635
37,24,3041.026616818387
38,24,3047.9082104587005
39,24,3046.365049062377
40,24,3035.7492198764976
41,24,3021.250091618544
42,24,3039.6149771827313
43,24,3028.4578712119237
44,24,3024.3438796983824
45,24,3023.675324978822
46,24,3010.600588375612
47,24,3018.242748154002
48,24,3026.599622151924
49,24,3033.3375955984243
0,25,1317.9637448954084
1,25,1335.9638924764952
2,25,1318.6492394153365
3,25,1301.88139371774
4,25,1298.5795968115915
5,25,1295.2923319759113
6,25,1312.49299965668
7,25,1294.3208036955746
8,25,1306.643289459135
9,25,1309.221070204261
10,25,1316.8255517781784
11,25,1317.2579271199936
12,25,1333.9997826355511
13,25,1316.0331756002577
14,25,1310.9016220007443
15,25,1322.7020412419424
16,25,1323.581893482567
17,25,1338.72582473182
18,25,1333.82135435917
19,25,1346.7547370242137
20,25,1355.4836246426908
21,25,1344.457540494447
22,25,1328.0224082353666
23,25,1326.5623533536038
24,25,1327.2937048380688
25,25,1320.484635584609
26,25,1321.8721192563685
27,25,1318.8947124771928
28,25,1327.714328331453
29,25,1341.108496900949
30,25,1344.4291029607884
31,25,1331.8478430977834
32,25,1320.7298601503508
33,25,1302.7615437110849
34,25,1317.1804782314925
35,25,1312.084826061906
36,25,1294.6842076795713
37,25,1289.508640163115
38,25,1309.3986778082772
39,25,1289.9632545503816
40,25,1301.1829984627864
41,25,1290.604995337362
42,25,1270.948893964282
43,25,1253.697414971296
44,25,1264.571576628834
45,25,1273.6785783769333
46,25,1270.4165630609211
47,25,1272.8364206411661
48,25,1288.599423612796
49,25,1303.5404528344
0,26,1950.05206958115
1,26,1955.556471151407
2,26,1938.1246963527994
3,26,1920.4465609754036
4,26,1926.6299435863368
5,26,1936.3934608491008
6,26,1947.0789586262201
7,26,1941.5004391494122
8,26,1952.8304634789517
9,26,1967.3258104729296
10,26,1970.2576021454063
11,26,1960.8151642875955
12,26,1966.5593184688237
13,26,1975.6178219903068
14,26,1986.788673018666
15,26,1983.0828489713601
16,26,1963.3276698157063
17,26,1950.0491577887449
18,26,1968.9772581110042
19,26,1969.3182261526001
20,26,1968.2873518298134
21,26,1959.063987486193
22,26,1976.3980695901737
23,26,1972.649300755367
24,26,1991.185783631319
25,26,1999.3854229144863
26,26,1990.6567555903841
27,26,2009.0928787692421
28,26,2003.1060030616775
29,26,2013.7122597657374
30,26,1998.33502985761
31,26,2003.4626994088835
32,26,1989.6756389747438
33,26,1995.167156015003
34,26,1984.1522977705042
35,26,1966.7587810057144
36,26,1960.5478097541984
37,26,1952.4287804166022
38,26,1968.8499672218131
39,26,1960.7123054360425
40,26,1965.411655489003
41,26,1949.2546740412304
42,26,1934.3494538980174
43,26,1928.1228955410938
44,26,1924.865143351886
45,26,1931.1458565534192
46,26,1918.3714403840745
47,26,1930.7339064825321
48,26,1939.3466321527062
49,26,1943.3015685617224
0,27,2298.1771159644163
1,27,2302.08552322637
2,27,2302.6680137524754
3,27,2321.3317488838843
4,27,2325.6934125245375
5,27,2345.2148064167213
6,27,2354.748106370267
7,27,2363.409588968838
8,27,2360.5208534467224
9,27,2372.7218089857224
10,27,2382.888057585731
11,27,2387.3003388591487
12,27,2367.9561849709557
13,27,2382.0170587973707
14,27,2370.905523874085
15,27,2361.833085618206
16,27,2359.0076777306267
17,27,2365.9969088027715
18,27,2385.2658423228654
19,27,2382.2849141285838
20,27,2372.0789604527563
21,27,2380.3768973631413
22,27,2370.689792411535
23,27,2363.0873582896197
24,27,2379.149652815215
25,27,2359.8574449175894
26,27,2375.0707032442874
27,27,2375.3317475968956
28,27,2391.7535828175905
29,27,2381.690077595232
30,27,2396.6774394120953
31,27,2393.125469482072
32,27,2401.998258167296
33,27,2390.8889030984324
34,27,2409.7823622204473
35,27,2425.2868678015125
36,27,2438.818865298182
37,27,2422.8429368552875
38,27,2427.539590793988
39,27,2408.207195778329
40,27,2406.8147407722536
41,27,2425.9649709123946
42,27,2410.3144620865774
43,27,2424.1109945653693
44,27,2418.6906757469865
45,27,2424.8817192120787
46,27,2442.7766362249845
47,27,2451.3761302584176
48,27,2448.559615094619
49,27,2462.9728960363236
0,28,1855.2839933787816
1,28,1836.2026722890287
2,28,1845.7753164113917
3,28,1826.5642058527542
4,28,1812.8135893505878
5,28,1829.2710763754883
6,28,1842.0338292692302
7,28,1861.7669910648917
8,28,1851.6104469250793
9,28,1854.6117727160233
10,28,1842.298243838296
11,28,1846.2673427909933
12,28,1832.0538657408174
13,28,1836.206399875222
14,28,1834.6390357111884
15,28,1832.002761385927
16,28,1815.5956360534353
17,28,1799.7269655087107
18,28,1810.138964167526
19,28,1798.0413524226294
20,28,1783.38574648644
21,28,1791.085874862319
22,28,1782.3379399465002
23,28,1800.2071373246167
24,28,1798.412268673692
25,28,1788.2969804871836
26,28,1769.5455328455118
27,28,1757.3246663593006
28,28,1769.9617500765744
29,28,1776.27498762323
30,28,1777.6695080019178
31,28,1783.3759691425462
32,28,1772.4629452631195
33,28,1758.8221279213112
34,28,1775.8429676812539
35,28,1781.4303073789704
36,28,1801.2860197424484
37,28,1797.636441607198
38,28,1787.0023047392235
39,28,1771.8623895557964
40,28,1768.4970894114153
41,28,1780.136344567804
42,28,1789.8372666039727
43,28,1791.9331188800606
44,28,1775.6668889741256
45,28,1791.4756762347902
46,28,1811.2046341508105
47,28,1796.946440463412
48,28,1798.9932380776058
49,28,1800.1115071604102
0,29,4245.161087646877
1,29,4226.461155970668
2,29,4213.944344264651
3,29,4195.8682159339305
4,29,4203.375418436263
5,29,4200.013864543121
6,29,4214.826812299917
7,29,4208.101974678996
8,29,4196.587776084441
9,29,4188.206298474838
10,29,4183.166990688248
11,29,4173.7064006786995
12,29,4177.042385865428
13,29,4160.854563650578
14,29,4164.063652261681
15,29,4154.04740720809
16,29,4165.498678301944
17,29,4180.317450184085
18,29,4165.190782280146
19,29,4170.148010583132
20,29,4158.030008315858
21,29,4174.641116874799
22,29,4168.354175933431
23,29,4151.577109521233
24,29,4133.233857088064
25,29,4128.682726115256
26,29,4114.655103650919
27,29,4125.717348685065
28,29,4115.877317166128
29,29,4134.597171671823
30,29,4136.331960034908
31,29,4135.004291799797
32,29,4128.431160380356
33,29,4131.000520472297
34,29,4140.49232581208
35,29,4131.942459758434
36,29,4145.327660602863
37,29,4148.182337710638
38,29,4133.912974558476
39,29,4143.97291892668
40,29,4130.118757595145
41,29,4132.5551916041995
42,29,4127.04447780733
43,29,4114.380467348809
44,29,4109.808049731812
45,29,4103.785758358213
46,29,4096.578753780896
47,29,4099.291412100779
48,29,4099.7509743926275
49,29,4116.377798809325
0,30,130.96147073278146
1,30,115.12357120574417
2,30,118.19821629676056
3,30,122.7747410542605
4,30,125.3938869428746
5,30,137.1452099892575
6,30,126.45373883724722
7,30,136.48702077381253
8,30,125.69440813297315
9,30,120.06238656371436
10,30,134.25624899850712
11,30,144.67358976993327
12,30,130.6280981226614
13,30,126.38416394125095
14,30,127.85880816720557
15,30,129.2192665113889
16,30,118.69184506452874
17,30,121.88402334377064
18,30,138.66910452905722
19,30,136.25208439508526
20,30,138.5199248934123
21,30,138.1967570144901
22,30,135.39408297301526
23,30,132.81451177076352
24,30,113.4235957264355
25,30,109.10707395889506
26,30,115.93009494393644
27,30,98.58396265764915
28,30,85.5621327884543
29,30,94.06819999944354
30,30,109.15641224785352
31,30,121.53529135780683
32,30,109.7894922777136
33,30,93.14535575326987
34,30,86.6355153148717
35,30,77.15351842285281
36,30,92.35435040090977
37,30,109.71724089967029
38,30,105.02645321919826
39,30,96.63242382172947
40,30,107.70735040675213
41,30,122.44637267652708
42,30,116.59000678379512
43,30,106.19451277080798
44,30,97.4620630433295
45,30,91.63270952516808
46,30,103.24838687961571
47,30,121.4207488969657
48,30,103.11804188051893
49,30,98.81486685163132
0,31,2244.724123872669
1,31,2248.684441421864
2,31,2243.192033580726
3,31,2248.953287399055
4,31,2239.8396243160882
5,31,2236.4599042581854
6,31,2249.1011508304723
7,31,2254.9333009487837
8,31,2263.553523176658
9,31,2277.5655151096635
10,31,2259.016587222386
11,31,2258.9346638873353
12,31,2244.854485291168
13,31,2230.467297192304
14,31,2217.9953734049914
15,31,2205.7867898236664
16,31,2214.6482086608094
17,31,2221.536652858981
18,31,2229.635910927107
19,31,2223.583186990724
20,31,2223.502100094918
21,31,2215.5437949907905
22,31,2229.591447012135
23,31,2231.840810587057
24,31,2223.0977881740046
25,31,2203.3427364090176
26,31,2211.6521600621304
27,31,2206.91442491123
28,31,2193.184634594783
29,31,2174.721207584619
30,31,2160.2443064912
31,31,2146.521523496815
32,31,2137.124175946612
33,31,2146.1272015906025
34,31,2157.9877894271704
35,31,2149.6808097020394
36,31,2135.1982961227136
37,31,2137.2578069197207
38,31,2142.7878119351835
39,31,2128.8051354066924
40,31,2122.5266123249844
41,31,2131.4432775847686
42,31,2126.9579938465045
43,31,2114.586197545436
44,31,2108.334642885301
45,31,2128.062901162741
46,31,2145.652638269173
47,31,2157.157538705181
48,31,2166.6326911207016
49,31,2153.835980538828
0,32,4892.4189354143355
1,32,4905.684427118256
2,32,4911.978222978176
3,32,4912.647934167114
4,32,4927.538518970491
5,32,4928.378902113668
6,32,4917.192126921771
7,32,4905.744361620282
8,32,4906.8470323354495
9,32,4889.868084696256
10,32,4892.637931867737
11,32,4888.445907633976
12,32,4891.685164092105
13,32,4895.308022675255
14,32,4911.871191476983
15,32,4921.7709421158215
16,32,4902.006198615544
17,32,4894.518265852799
18,32,4900.931198700172
19,32,4913.979680242623
20,32,4896.120927364838
21,32,4883.394330604786
22,32,4898.193012386874
23,32,4906.486323780975
24,32,4914.14839167446
25,32,4903.237126769042
26,32,4907.1053662872
27,32,4920.189950615434
28,32,4906.623377359363
29,32,4910.487041506361
30,32,4916.344652175124
31,32,4900.121755112403
32,32,4894.677088476073
33,32,4893.534581794947
34,32,4883.1464122738835
35,32,4866.457688942329
36,32,4879.118374154403
37,32,4887.133389053364
38,32,4877.912881428793
39,32,4880.791908594169
40,32,4883.6691875960705
41,32,4863.682814940681
42,32,4879.69795903169
43,32,4876.193820685383
44,32,4888.500174873238
45,32,4881.749055995629
46,32,4887.826705566749
47,32,4898.207141467903
48,32,4903.259441015086
49,32,4906.040206334175
0,33,421.7694754182691
1,33,419.12611593754696
2,33,429.1077880722246
3,33,416.06368535841415
4,33,408.53870377911915
5,33,416.3852521631231
6,33,407.4839631641204
7,33,420.19279644239845
8,33,407.04210376144647
9,33,417.5227548209923
10,33,407.8417348081748
11,33,391.694646525595
12,33,407.95859631409434
13,33,402.964281076603
14,33,392.5382546349615
15,33,406.2565680602035
16,33,419.95852800247803
17,33,404.0810657791756
18,33,400.14531976242995
19,33,393.15777150829035
20,33,390.7330611889717
21,33,380.8584375970952
22,33,390.7798953241754
23,33,396.4063844169035
24,33,381.251953147503
25,33,374.8488348831206
26,33,365.46203005382796
27,33,370.470021091637
28,33,384.40721887361445
29,33,383.01501629190443
30,33,379.3388054794405
31,33,365.9419179717712
32,33,354.72443804086566
33,33,357.7338893416428
34,33,350.4660697094161
35,33,354.61744290703126
36,33,348.43865265426473
37,33,330.35271712216604
38,33,332.9761275951283
39,33,331.1800141599918
40,33,348.9547347539926
41,33,347.2049004591807
42,33,360.6293147970749
43,33,377.5760947397829
44,33,368.88796960538787
45,33,388.7543693929468
46,33,397.62055392453254
47,33,386.93622350335346
48,33,380.606527878716
49,33,390.0926339850557
0,34,98.43470150039995
1,34,95.66799885514958
2,34,97.72193705745967
3,34,106.10502986903003
4,34,123.8928619878538
5,34,140.48883466001126
6,34,160.0770117999977
7,34,176.93658856338325
8,34,161.70272455474432
9,34,160.94620375552432
10,34,142.00708037405872
11,34,137.64237204448636
12,34,154.37364024791157
13,34,172.32466323081323
14,34,152.5557313436786
15,34,155.69735790936312
16,34,140.8804584972573
17,34,127.60594067259639
18,34,126.9290364260365
19,34,117.02080785494333
20,34,119.46245945677012
21,34,124.38377936119365
22,34,138.994946576552
23,34,152.91313762801673
24,34,146.30156211829907
25,34,147.81418456888855
26,34,138.89376932099773
27,34,140.61439224892547
28,34,121.33608704176488
29,34,115.94559570812132
30,34,117.71632771008282
31,34,124.31938613629796
32,34,129.79113294983756
33,34,122.53016286480948
34,34,106.88989866952913
35,34,104.64085206279331
36,34,100.15510045741158
37,34,91.335809607147
38,34,71.77430546712691
39,34,79.19874803714049
40,34,64.71792709798798
41,34,53.14387296224736
42,34,63.86180122575168
43,34,44.18372434715189
44,34,48.70994243052248
45,34,68.01535484828469
46,34,53.00987183576918
47,34,61.20782029946265
48,34,65.08818981142403
49,34,51.30454359339627
0,35,321.07716661683116
1,35,333.84273428050085
2,35,348.04863936691567
3,35,350.21882460536347
4,35,367.9938682022479
5,35,368.22710944042433
6,35,350.75399433827226
7,35,344.78014669689355
8,35,327.1488646913568
9,35,321.12495405933265
10,35,305.92545269413876
11,35,302.2267436553992
12,35,322.0530568278352
13,35,315.15250003328566
14,35,310.3679052815013
15,35,313.4809816138401
16,35,326.73589212970154
17,35,334.48713669427434
18,35,341.53661071687736
19,35,359.3302034950651
20,35,369.62523033454204
21,35,371.10933438972705
22,35,368.8051960019676
23,35,348.9962169921529
24,35,347.4354174422657
25,35,335.19196062746033
26,35,333.82503688532745
27,35,332.1148334361205
28,35,316.8518967462261
29,35,333.12901442686024
30,35,349.6446445150759
31,35,331.39625300665847
32,35,343.7005076577127
33,35,332.06546643239136
34,35,348.8213513150703
35,35,350.644853596112
36,35,341.9865638373001
37,35,330.7433697562105
38,35,334.6902446949623
39,35,352.8874042371478
40,35,355.57240722960483
41,35,363.88835477501095
42,35,349.39258559552604
43,35,357.62349325453965
44,35,372.79626434128767
45,35,381.4084386668247
46,35,367.72708248880866
47,35,354.9004637467068
48,35,354.333277586521
49,35,350.73513184750544
0,36,1905.291401124972
1,36,1916.1728705288997
2,36,1896.6106912373518
3,36,1904.799127324571
4,36,1920.008911445927
5,36,1912.2491643256603
6,36,1910.0304277613375
7,36,1923.1045395228239
8,36,1909.3133326743705
9,36,1904.066788489134
10,36,1922.3460880545001
11,36,1940.0767300218192
12,36,1951.0768170513195
13,36,1958.0935098002165
14,36,1963.7379111052976
15,36,1972.518988613664
16,36,1957.6929451400151
17,36,1945.2230907575922
18,36,1960.6344118409506
19,36,1952.1173869127151
20,36,1970.5885696458554
21,36,1974.113245459269
22,36,1973.3722574025787
23,36,1986.4572234324617
24,36,1978.6668585194784
25,36,1972.5223963267226
26,36,1968.5319891703728
27,36,1966.5542548757496
28,36,1979.0677099071238
29,36,1959.1598188210723
30,36,1950.9737443039835
31,36,1958.3763481990804
32,36,1976.9321421152601
33,36,1962.3278818393826
34,36,1948.931044587671
35,36,1948.0231730202572
36,36,1945.788244657759
37,36,1925.8955976454668
38,36,1909.8307514504522
39,36,1893.688143381875
40,36,1896.463593748138
41,36,1893.9231500771582
42,36,1882.2999821460794
43,36,1889.2600767255772
44,36,1901.922072836511
45,36,1898.4722514438681
46,36,1891.8648689600677
47,36,1878.8530454305321
48,36,1879.6262378148258
49,36,1886.6425991427732
0,37,2010.9570999076802
1,37,2019.3588398081915
2,37,2037.5784147556963
3,37,2018.0547446833841
4,37,2022.7340418628112
5,37,2026.5461655659653
6,37,2024.9805330503702
7,37,2010.8330906849071
8,37,2024.5752659082268
9,37,2012.1385675855379
10,37,2013.0871678507879
11,37,2015.1221627779316
12,37,2009.1744886021825
13,37,1999.6174526705886
14,37,2002.631910262703
15,37,2002.046648632496
16,37,2006.5925430243717
17,37,1986.6486247153848
18,37,1985.5812093746315
19,37,2000.1575627191776
20,37,1997.9506083224774
21,37,1991.9812724423705
22,37,1986.0772534576242
23,37,1969.6238046056815
24,37,1957.9912462299812
25,37,1973.3965435195698
26,37,1990.334308251737
27,37,1994.6823128579324
28,37,1999.9952425208314
29,37,1997.0441947171703
30,37,1992.810204531217
31,37,1991.693499238797
32,37,1990.4666033390108
33,37,2003.7878693262326
34,37,2017.7145831360913
35,37,2009.4647621539907
36,37,1992.2439752356427
37,37,1972.788679235563
38,37,1953.1304300986642
39,37,1950.6597497569146
40,37,1943.067139072618
41,37,1938.9870155044664
42,37,1924.69020808669
43,37,1912.4515656702838
44,37,1902.8153118358684
45,37,1907.0622891110247
46,37,1890.9125228885764
47,37,1897.1538429499735
48,37,1898.971092200715
49,37,1912.3572621127303
0,38,4463.057466922834
1,38,4448.624547598639
2,38,4467.168909268247
3,38,4471.555383604461
4,38,4455.114628594839
5,38,4461.135234965838
6,38,4474.759887384793
7,38,4492.027785782668
8,38,4508.760075143038
9,38,4506.351592770719
10,38,4516.137279293149
11,38,4497.799433035314
12,38,4498.220203530114
13,38,4501.280804594624
14,38,4511.8576457931495
15,38,4518.738248276694
16,38,4521.744761551647
17,38,4504.619496427214
18,38,4513.527142776483
19,38,4497.249388158267
20,38,4483.2831859402095
21,38,4481.952920874649
22,38,4489.094902785979
23,38,4486.846450884886
24,38,4497.406273198809
25,38,4509.161250403696
26,38,4510.180327972736
27,38,4522.070960205639
28,38,4531.011324807594
29,38,4534.495944722546
30,38,4523.155929520904
31,38,4526.045409406694
32,38,4516.8551500359035
33,38,4500.757330847006
34,38,4480.81805339733
35,38,4465.124828243823
36,38,4482.097244773598
37,38,4471.218188271233
38,38,4457.441829713651
39,38,4458.383964786826
40,38,4455.906934862126
41,38,4456.427599374844
42,38,4470.670731949162
43,38,4479.573921119128
44,38,4497.676658433691
45,38,4505.401130103153
46,38,4506.459272602243
47,38,4500.487181518537
48,38,4504.433120682049
49,38,4509.931227761172
0,39,437.15292458905185
1,39,441.36567679666086
2,39,459.3881617624597
3,39,465.6985703100331
4,39,454.77158278058977
5,39,441.4634808540796
6,39,442.65854192022624
7,39,460.4413087484279
8,39,448.53420855380847
9,39,449.2189614440688
10,39,447.8944942431131
11,39,451.6096733276778
12,39,461.79218455487734
13,39,449.2402027154975
14,39,467.6758643437801
15,39,448.1662078972706
16,39,449.8078152603363
17,39,435.5435882635902
18,39,449.636971361224
19,39,433.83156523839597
20,39,420.49712192014937
21,39,417.5920057744621
22,39,412.25941009971
23,39,403.83722058334945
24,39,421.4412272488254
25,39,413.66416562396097
26,39,407.66033803105597
27,39,404.7583393610373
28,39,386.6697355131403
29,39,377.0592915161477
30,39,396.721369728344
31,39,379.408231226493
32,39,396.0518178523208
33,39,381.03118615613295
34,39,395.33681058842996
35,39,388.74076097089414
36,39,372.0436113071388
37,39,364.17974117426337
38,39,379.4414270629489
39,39,390.65956477491056
40,39,371.4921157833326
41,39,385.30909577767903
42,39,398.920482408028
43,39,417.43642607857805
44,39,408.82126480269284
45,39,428.0834228680483
46,39,443.00664755650547
47,39,442.822360260373
48,39,434.144726587062
49,39,438.9157107869146
0,40,466.9329846899503
1,40,478.60120959041166
2,40,490.91860104108014
3,40,489.4189572642229
4,40,471.8660665834635
5,40,479.54522614904585
6,40,478.941116025011
7,40,461.1402145764848
8,40,445.50105147612607
9,40,443.21460642762304
10,40,430.5315601787306
11,40,434.75984853933954
12,40,454.2872933739626
13,40,437.1740401227807
14,40,434.60699579246636
15,40,452.47056994051616
16,40,449.5713138723552
17,40,446.4868265414434
18,40,443.6637135354358
19,40,438.4472993325529
20,40,437.4025395978168
21,40,456.7143264687995
22,40,461.5489638102632
23,40,448.3622537835767
24,40,465.57996510388034
25,40,479.8548319038976
26,40,482.1311485224578
27,40,497.4323807806689
28,40,508.7859461391932
29,40,503.47649766990963
30,40,501.46544239835595
31,40,517.7819289370478
32,40,502.39806531603733
33,40,510.9759817510352
34,40,515.5564797208773
35,40,516.9757320488354
36,40,512.7755017019686
37,40,505.3116734418124
38,40,525.0516518948926
39,40,510.5692477625455
40,40,522.2375206945613
41,40,516.572146621465
42,40,510.40507064804297
43,40,525.3894069058877
44,40,543.6913927410036
45,40,543.4436711807266
46,40,561.3814635266008
47,40,544.2111052096442
48,40,558.6461235133455
49,40,546.9782425534062
0,41,2674.626123911043
1,41,2693.653857925415
2,41,2695.801745597217
3,41,2694.921013492171
4,41,2677.9350608834357
5,41,2674.7480473866526
6,41,2680.727169439919
7,41,2672.4658451025325
8,41,2675.3112015513343
9,41,2671.2718834923744
10,41,2689.7635522120413
11,41,2677.4590332804614
12,41,2666.2882653371735
13,41,2650.5981181193783
14,41,2651.2524007321153
15,41,2640.1229982415402
16,41,2638.918107698031
17,41,2635.3338017957303
18,41,2642.1315457531637
19,41,2636.6670451975506
20,41,2644.8371702351865
21,41,2634.666678529318
22,41,2629.0375392478077
23,41,2643.467595565002
24,41,2647.302279559795
25,41,2659.466477245626
26,41,2649.071109475461
27,41,2649.6280307834018
28,41,2667.931510777563
29,41,2676.8507662268676
30,41,2659.214792377427
31,41,2652.299718001242
32,41,2643.61715623112
33,41,2632.1732021071202
34,41,2615.6112051521964
35,41,2614.0244261719545
36,41,2624.0313205569155
37,41,2605.438695184452
38,41,2587.9921256930306
39,41,2570.790957656286
40,41,2554.003331478682
41,41,2571.919489931683
42,41,2572.4193271754616
43,41,2580.2568302360455
44,41,2580.1155546902473
45,41,2586.364942917245
46,41,2593.5134592619706
47,41,2588.248498943936
48,41,2579.050431743605
49,41,2583.4932982918285
0,42,449.98384800915
1,42,458.92417323935456
2,42,476.79140067834686
3,42,488.3917515005253
4,42,501.92990419227476
5,42,497.4825332424726
6,42,488.67816005012276
7,42,507.6081988594991
8,42,526.520263115887
9,42,506.6931655876907
10,42,516.2995630340548
11,42,512.0854276579158
12,42,513.3123310274741
13,42,515.3057220780104
14,42,504.96906471180966
15,42,485.459069062377
16,42,501.83513833617815
17,42,512.3132431435675
18,42,526.1256635840969
19,42,539.0073850825447
20,42,555.0676515034723
21,42,563.4240590984936
22,42,580.9421443091263
23,42,571.4633322894406
24,42,591.2618588392405
25,42,597.2895009306501
26,42,607.9290915572565
27,42,606.8341466331116
28,42,615.6559464092204
29,42,597.747441337037
30,42,587.6230744330652
31,42,577.3330271014266
32,42,560.9801925759924
33,42,580.5556589647509
34,42,564.274451413426
35,42,559.5686523154583
36,42,577.4139879871135
37,42,568.7016661572027
38,42,586.682285296732
39,42,567.4598021662234
40,42,582.5032538085749
41,42,567.864102375986
42,42,556.9754347281379
43,42,558.3350333808999
44,42,562.4498940540894
45,42,580.9991460958573
46,42,585.7139602535693
47,42,598.6096282959056
48,42,583.0452989395804
49,42,564.903491237572
0,43,4541.0696769224605
1,43,4530.715432296811
2,43,4540.842610382181
3,43,4525.3171281072655
4,43,4543.775572590149
5,43,4544.467238903129
6,43,4526.008364435445
7,43,4520.735524152508
8,43,4526.629687342198
9,43,4541.626523991493
10,43,4543.223386324484
11,43,4552.133076380102
12,43,4570.152495482519
13,43,4577.638374261077
14,43,4561.028430128846
15,43,4559.155269259113
16,43,4558.913656815614
17,43,4564.784009819047
18,43,4558.521492579172
19,43,4576.277289296913
20,43,4557.001482661387
21,43,4552.525663728992
22,43,4562.945348739662
23,43,4558.050851518924
24,43,4573.111769039957
25,43,4558.937796696193
26,43,4564.442157104735
27,43,4546.644097636931
28,43,4551.0508339176595
29,43,4545.047442166758
30,43,4543.382498445686
31,43,4534.636486792119
32,43,4522.8866179547695
33,43,4528.474108243763
34,43,4539.079674301852
35,43,4552.351118823088
36,43,4544.163654219528
37,43,4551.78499374473
38,43,4567.916965049342
39,43,4563.410477499652
40,43,4545.238505192081
41,43,4529.035722638603
42,43,4538.159948968037
43,43,4543.969881108627
44,43,4558.196269501905
45,43,4576.5015311129255
46,43,4574.523068766308
47,43,4573.131775274635
48,43,4581.862155754612
49,43,4577.238783543946
0,44,389.5526061359746
1,44,386.4205633412366
2,44,380.50363591811157
3,44,375.17015369126443
4,44,368.2088097239375
5,44,364.7004116220889
6,44,371.6348518389425
7,44,357.9002100965648
8,44,371.3491414125889
9,44,383.4001942048724
10,44,368.02640312167244
11,44,373.4160957449798
12,44,388.0622720590927
13,44,407.8724154905842
14,44,394.62971368746184
15,44,405.35685999237717
16,44,410.4889921882205
17,44,391.2180934493438
18,44,385.5440355670427
19,44,403.0236904546034
20,44,396.09114041478796
21,44,395.21741759222215
22,44,396.1535231340145
23,44,406.1330668175722
24,44,391.1444132362558
25,44,398.25306785847414
26,44,380.27112480417065
27,44,393.8196819942072
28,44,400.13203047480386
29,44,403.1729111951559
30,44,388.879417069177
31,44,401.8676158850357
32,44,396.15189216424795
33,44,391.96099535409445
34,44,379.15465357554115
35,44,382.8866420804804
36,44,391.2119557528202
37,44,378.97882187327207
38,44,379.1189156857512
39,44,377.13985363479884
40,44,373.4640307569345
41,44,367.20123052670425
42,44,367.547208107209
43,44,362.7924440813895
44,44,382.12935786097
45,44,381.8811138621025
46,44,401.5136672595656
47,44,403.60384961637953
48,44,414.94802917721603
49,44,431.73549193823703
0,45,68.95181638950791
1,45,50.8997082184692
2,45,66.33998277175736
3,45,66.5436226542598
4,45,54.63331628786967
5,45,53.731747243776454
6,45,69.45562152013551
7,45,79.23300829324714
8,45,94.74067072905675
9,45,114.51772717285218
10,45,127.49200435186879
11,45,144.85092306031362
12,45,131.2546402303436
13,45,135.42810888445482
14,45,144.7282895949163
15,45,160.16442545912267
16,45,152.93939782323082
17,45,142.04733317437004
18,45,156.50117886836523
19,45,147.66642072589585
20,45,164.95103600698485
21,45,183.29177910630736
22,45,164.89985993534606
23,45,159.2978035661623
24,45,153.53197747701472
25,45,142.39316129360986
26,45,141.23687529342828
27,45,136.96861145529928
28,45,132.49745820423982
29,45,121.6208046324027
30,45,117.4103260411757
31,45,113.71899565616
32,45,105.20677396922102
33,45,86.78400240914782
34,45,81.8701283005528
35,45,90.39619903657898
36,45,106.29136737938781
37,45,88.43487336728268
38,45,71.39856234217372
39,45,60.65458814503693
40,45,75.64427313539949
41,45,93.00277089652539
42,45,102.73002106147125
43,45,111.04777484652116
44,45,116.5097579764231
45,45,110.64076057677467
46,45,108.51186130318872
47,45,122.76159765634337
48,45,129.83146039433797
49,45,116.37346734781546
0,46,69.24595596088938
1,46,80.08545462554662
2,46,62.96240259406882
3,46,57.675146853890126
4,46,52.90074715939684
5,46,39.31903743695385
6,46,47.35533939059192
7,46,61.4685301000103
8,46,62.33026474486587
9,46,48.10727274529272
10,46,64.32481272081677
11,46,76.05350531359711
12,46,73.41972017246681
13,46,76.58886395877535
14,46,70.4483780770818
15,46,68.01530955277214
16,46,49.838655188957766
17,46,63.63733152060364
18,46,82.35314571485851
19,46,79.39445128644947
20,46,63.30065574370053
21,46,80.45529202075679
22,46,83.1064167825259
23,46,64.36140666347677
24,46,78.84135021419797
25,46,98.83686450641079
26,46,85.57498538424235
27,46,98.07525336177198
28,46,100.23121936477268
29,46,86.3895697016834
30,46,87.72805222552046
31,46,101.36247171019325
32,46,93.62183721754894
33,46,113.50417191165012
34,46,117.3634401826096
35,46,120.4782360942883
36,46,105.30333417175343
37,46,106.25294982109645
38,46,111.45992864832134
39,46,119.38161472979907
40,46,112.32043421645385
41,46,99.09290326344504
42,46,88.3156248307724
43,46,84.47044578038376
44,46,87.85827099272595
45,46,74.84496913075057
46,46,73.19113193517954
47,46,57.376231770410534
48,46,70.16885582511794
49,46,53.47639585519826
0,47,2209.593107205997
1,47,2215.73967268703
2,47,2205.554567203944
3,47,2204.915754954664
4,47,2187.391128234115
5,47,2187.7634554716433
6,47,2205.9759316981554
7,47,2213.3145222022067
8,47,2221.1114998835696
9,47,2237.5832602114797
10,47,2251.51166936524
11,47,2245.759414273067
12,47,2248.5105657199547
13,47,2236.029141716544
14,47,2244.1700499702138
15,47,2230.0071071915945
16,47,2217.4177959078306
17,47,2227.2514765142014
18,47,2216.7748364920576
19,47,2230.497333700287
20,47,2211.475987291289
21,47,2197.5562113267297
22,47,2193.7292769263026
23,47,2189.0233039762884
24,47,2202.7251530748995
25,47,2185.21516202402
26,47,2184.7568144508778
27,47,2188.0917715769306
28,47,2171.527140978842
29,47,2186.2078236815414
30,47,2176.1862918972215
31,47,2172.3850600089363
32,47,2166.996039077062
33,47,2156.1211117553885
34,47,2140.5684404701915
35,47,2141.2659484927267
36,47,2131.016879989073
37,47,2150.929918760082
38,47,2154.270955603009
39,47,2145.5135251867805
40,47,2155.4808499438045
41,47,2142.356371228102
42,47,2125.6242449079596
43,47,2132.405641454446
44,47,2124.0259628023555
45,47,2129.8625257484246
46,47,2141.3643636568063
47,47,2129.3691164716142
48,47,2111.478033570232
49,47,2126.0326906352916
0,48,3264.0101056725057
1,48,3261.795496449479
2,48,3261.540977575949
3,48,3254.0949165815946
4,48,3265.383329424434
5,48,3285.3731629228823
6,48,3284.1027300116
7,48,3270.013771497672
8,48,3287.629498147549
9,48,3303.0465455723834
10,48,3301.7687401393473
11,48,3293.4698128895348
12,48,3288.06528608967
13,48,3300.1052559039904
14,48,3313.1606605169627
15,48,3303.5573521782153
16,48,3318.0723611931962
17,48,3306.893119477016
18,48,3319.2825432437894
19,48,3315.5850155405196
20,48,3323.75740858351
21,48,3334.7405461916724
22,48,3344.6727997232006
23,48,3350.9935444570574
24,48,3349.421309347548
25,48,3335.8745649802295
26,48,3336.9862250680962
27,48,3331.3395461134564
28,48,3316.297638025397
29,48,3311.9606920883443
30,48,3301.852775976202
31,48,3296.5854795398936
32,48,3276.7476809019827
33,48,3290.9891055722564
34,48,3282.957812410621
35,48,3272.3426221375385
36,48,3267.433296448762
37,48,3280.4704331558614
38,48,3269.705888300554
39,48,3250.585661806945
40,48,3231.2169970922996
41,48,3228.025076629412
42,48,3219.9946527770585
43,48,3224.80934253256
44,48,3224.172820486571
45,48,3209.1506537475143
46,48,3227.922322517135
47,48,3221.505114698624
48,48,3204.6455122620396
49,48,3221.0860335525385
0,49,121.7093074379387
1,49,141.43388852204959
2,49,156.49841016309864
3,49,158.5891368425652
4,49,172.00798891184124
5,49,155.4555692420184
6,49,136.6208805944806
7,49,131.23963224611134
8,49,139.15220921880504
9,49,119.72182385363752
10,49,104.38572850059492
11,49,112.82171132202356
12,49,100.73524345952795
13,49,116.36732819500439
14,49,97.28011015479086
15,49,103.9182470902404
16,49,85.6255550922806
17,49,94.94276110090009
18,49,79.96189320786313
19,49,77.48977557437296
20,49,80.82039757306389
21,49,76.69311145656557
22,49,57.54333783870433
23,49,75.95500618633008
24,49,68.36219605985058
25,49,66.87793890245112
26,49,80.7255459307874
27,49,92.7958204810642
28,49,95.115403498525
29,49,110.43195364572767
30,49,100.24252681153311
31,49,105.39926993604072
32,49,116.47122512646693
33,49,115.38545041345081
34,49,108.38043097098384
35,49,98.94952241628552
36,49,101.5201428123128
37,49,95.03365637652745
38,49,81.9028602944534
39,49,94.88033370739907
40,49,94.07014717673539
41,49,89.71995480112896
42,49,108.5970069158458
43,49,90.8403280931792
44,49,107.45328932740192
45,49,120.10633725061545
46,49,112.06857179566164
47,49,116.73174336126901
48,49,117.7756045234882
49,49,115.69043066113427
